Gmt time,Open,High,Low,Close,Volume,trade_count,vwap
2022-12-19 05:00:00+00:00,6.8,6.8,6.325,6.34,876273,3552,6.4608
2022-12-20 05:00:00+00:00,6.28,6.54,6.2,6.305,667804,3198,6.335547
2022-12-21 05:00:00+00:00,6.24,6.515,6.045,6.505,480730,2812,6.382178
2022-12-22 05:00:00+00:00,6.365,6.375,6.18,6.315,490479,2526,6.260291
2022-12-23 05:00:00+00:00,6.265,6.29,6.07,6.27,279059,1826,6.203736
2022-12-27 05:00:00+00:00,6.14,6.22,5.925,5.995,435096,2241,6.054046
2022-12-28 05:00:00+00:00,5.975,6.17,5.95,6.07,439292,1769,6.047155
2022-12-29 05:00:00+00:00,6.14,6.52,6.105,6.39,910178,3969,6.413231
2022-12-30 05:00:00+00:00,6.255,6.42,6.235,6.405,441414,2327,6.321226
2023-01-03 05:00:00+00:00,6.565,6.64,6.275,6.4,521414,2576,6.38118
2023-01-04 05:00:00+00:00,6.47,6.67,6.37,6.59,702462,3047,6.553926
2023-01-05 05:00:00+00:00,6.48,6.48,6.25,6.32,518419,2294,6.348889
2023-01-06 05:00:00+00:00,6.34,6.445,6.095,6.405,440709,2688,6.324769
2023-01-09 05:00:00+00:00,6.485,6.665,6.41,6.505,795523,3247,6.567343
2023-01-10 05:00:00+00:00,6.5,6.71,6.49,6.69,579142,2904,6.606809
2023-01-11 05:00:00+00:00,6.85,6.99,6.76,6.975,454435,3192,6.93253
2023-01-12 05:00:00+00:00,7.01,7.05,6.78,7.015,773784,2798,6.942129
2023-01-13 05:00:00+00:00,6.82,7.01,6.82,6.95,266511,1822,6.937698
2023-01-17 05:00:00+00:00,6.985,7.145,6.735,7.075,1146919,4090,6.967582
2023-01-18 05:00:00+00:00,7.19,7.295,6.88,6.91,310481,2066,7.037496
2023-01-19 05:00:00+00:00,6.805,6.895,6.67,6.73,520667,2661,6.750267
2023-01-20 05:00:00+00:00,6.79,7.055,6.73,7.02,834543,4499,6.92509
2023-01-23 05:00:00+00:00,7.035,7.405,7.01,7.385,605761,2969,7.305556
2023-01-24 05:00:00+00:00,6.13,7.37,6.13,7.015,516868,3215,7.126632
2023-01-25 05:00:00+00:00,6.87,7.26,6.695,7.22,660644,2833,6.968901
2023-01-26 05:00:00+00:00,7.42,7.44,7.04,7.235,287834,2033,7.210943
2023-01-27 05:00:00+00:00,7.165,7.73,7.165,7.54,374198,1812,7.532843
2023-01-30 05:00:00+00:00,7.495,7.605,7.36,7.37,531249,2536,7.450097
2023-01-31 05:00:00+00:00,7.415,7.815,7.385,7.78,597909,2782,7.668881
2023-02-01 05:00:00+00:00,7.735,8.22,7.695,8.2,836900,4303,7.993978
2023-02-02 05:00:00+00:00,8.51,9.21,8.51,8.995,1368869,5690,8.915455
2023-02-03 05:00:00+00:00,8.53,8.9,8.375,8.425,1015805,5621,8.605457
2023-02-06 05:00:00+00:00,8.29,8.53,8.26,8.32,754249,3405,8.388302
2023-02-07 05:00:00+00:00,8.29,8.405,8.065,8.325,969264,4715,8.222694
2023-02-08 05:00:00+00:00,8.3,8.56,8.17,8.23,551358,3812,8.280569
2023-02-09 05:00:00+00:00,8.34,8.43,7.94,7.94,545693,3465,8.110112
2023-02-10 05:00:00+00:00,7.78,7.855,7.46,7.515,818174,4171,7.592812
2023-02-13 05:00:00+00:00,7.58,7.77,7.45,7.6,1535113,8192,7.636387
2023-02-14 05:00:00+00:00,8.58,9.295,8.23,9.215,3165663,13136,8.702917
2023-02-15 05:00:00+00:00,9.21,10.23,9.115,10.1,3590809,17568,9.850394
2023-02-16 05:00:00+00:00,9.66,10.31,9.6,9.705,1808429,9896,9.938945
2023-02-17 05:00:00+00:00,9.53,9.71,9.085,9.21,893960,5375,9.244656
2023-02-21 05:00:00+00:00,9.015,9.095,8.4,8.48,1762455,8591,8.576748
2023-02-22 05:00:00+00:00,8.495,8.62,8.165,8.365,1036397,6535,8.327001
2023-02-23 05:00:00+00:00,8.44,8.47,7.915,8.175,1903941,9708,8.142564
2023-02-24 05:00:00+00:00,7.91,8.195,7.885,8.09,1512892,5642,8.050518
2023-02-27 05:00:00+00:00,8.13,8.22,7.96,8.03,471966,3588,8.061049
2023-02-28 05:00:00+00:00,8.01,8.09,7.805,7.835,478061,3844,7.90139
2023-03-01 05:00:00+00:00,7.83,7.895,7.69,7.69,488312,3291,7.744308
2023-03-02 05:00:00+00:00,7.59,8.025,7.565,7.98,921206,4794,7.881957
2023-03-03 05:00:00+00:00,8.07,8.5,8.03,8.33,1244511,5789,8.322618
2023-03-06 05:00:00+00:00,8.35,8.445,8.21,8.285,645583,4378,8.303323
2023-03-07 05:00:00+00:00,8.28,8.42,8.205,8.28,737289,4131,8.293018
2023-03-08 05:00:00+00:00,8.345,8.575,8.065,8.13,619394,3726,8.279457
2023-03-09 05:00:00+00:00,8.08,8.255,7.68,7.68,753819,3295,7.89654
2023-03-10 05:00:00+00:00,7.55,7.68,7.29,7.36,1121646,5900,7.392592
2023-03-13 04:00:00+00:00,7.28,8.15,7.195,7.87,2066868,8646,7.843703
2023-03-14 04:00:00+00:00,8.04,8.135,7.78,7.89,683688,4873,7.907021
2023-03-15 04:00:00+00:00,7.83,7.985,7.705,7.885,501600,2592,7.838585
2023-03-16 04:00:00+00:00,8.02,8.07,7.87,7.975,321715,2465,7.979254
2023-03-17 04:00:00+00:00,7.935,8.03,7.845,7.88,397765,2776,7.912954
2023-03-20 04:00:00+00:00,7.74,8.095,7.73,8.085,967182,5982,7.973046
2023-03-21 04:00:00+00:00,8.215,8.505,8.205,8.44,512198,3371,8.390582
2023-03-22 04:00:00+00:00,8.49,8.615,8.2,8.2,765739,4373,8.46495
2023-03-23 04:00:00+00:00,8.31,8.545,8.16,8.33,602837,3113,8.376164
2023-03-24 04:00:00+00:00,8.29,8.345,8.065,8.2,365226,3114,8.176077
2023-03-27 04:00:00+00:00,8.19,8.31,7.94,8.04,440204,2041,8.127139
2023-03-28 04:00:00+00:00,8.075,8.11,7.975,8.005,183771,1655,8.027695
2023-03-29 04:00:00+00:00,8.1,8.25,8.06,8.225,242148,1439,8.168288
2023-03-30 04:00:00+00:00,8.355,8.355,8.05,8.145,284798,1524,8.18733
2023-03-31 04:00:00+00:00,8.13,8.475,8.09,8.45,350973,2514,8.391223
2023-04-03 04:00:00+00:00,8.35,8.525,8.215,8.38,436362,2746,8.375859
2023-04-04 04:00:00+00:00,8.52,8.53,8.24,8.36,408692,2981,8.369691
2023-04-05 04:00:00+00:00,8.64,8.645,7.845,7.975,844721,4308,8.061246
2023-04-06 04:00:00+00:00,7.86,8.14,7.79,8.09,285933,2690,8.042687
2023-04-10 04:00:00+00:00,8.0,8.435,7.91,8.395,432109,2479,8.269058
2023-04-11 04:00:00+00:00,8.395,8.79,8.395,8.62,478515,3118,8.593407
2023-04-12 04:00:00+00:00,8.735,8.77,8.3,8.325,417843,3860,8.464333
2023-04-13 04:00:00+00:00,8.51,8.7,8.43,8.575,407968,2576,8.60909
2023-04-14 04:00:00+00:00,8.52,8.905,8.47,8.8,755375,3666,8.762539
2023-04-17 04:00:00+00:00,8.8,9.04,8.78,8.795,538637,4083,8.874267
2023-04-18 04:00:00+00:00,8.93,9.02,8.725,8.725,342804,2631,8.837972
2023-04-19 04:00:00+00:00,8.59,8.65,8.48,8.485,366096,2752,8.527526
2023-04-20 04:00:00+00:00,8.28,8.495,8.135,8.155,363433,2609,8.264627
2023-04-21 04:00:00+00:00,8.14,8.22,8.105,8.18,292504,2017,8.155581
2023-04-24 04:00:00+00:00,8.14,8.25,7.945,8.09,342811,2040,8.068278
2023-04-25 04:00:00+00:00,8.01,8.01,7.73,7.735,308451,2629,7.828291
2023-04-26 04:00:00+00:00,7.88,7.905,7.65,7.745,548786,2795,7.768867
2023-04-27 04:00:00+00:00,7.865,7.91,7.725,7.815,430107,2958,7.824837
2023-04-28 04:00:00+00:00,7.8,8.0,7.63,7.76,459789,3222,7.734668
2023-05-01 04:00:00+00:00,7.74,7.82,7.665,7.77,379409,3412,7.738835
2023-05-02 04:00:00+00:00,7.75,7.78,7.435,7.595,1290764,4911,7.529953
2023-05-03 04:00:00+00:00,7.62,7.67,7.455,7.56,784039,4521,7.539446
2023-05-04 04:00:00+00:00,7.5,7.51,7.28,7.375,643889,4191,7.371798
2023-05-05 04:00:00+00:00,7.495,7.535,7.325,7.405,746886,4394,7.421501
2023-05-08 04:00:00+00:00,7.63,7.85,7.6,7.76,1332351,8905,7.73302
2023-05-09 04:00:00+00:00,9.23,9.685,8.66,9.54,4550276,19923,9.285659
2023-05-10 04:00:00+00:00,9.72,10.3,9.46,9.93,2671898,11306,9.938402
2023-05-11 04:00:00+00:00,10.1,10.155,9.71,9.875,923394,5299,9.941382
2023-05-12 04:00:00+00:00,9.82,10.01,9.47,9.52,1382677,6668,9.604286
2023-05-15 04:00:00+00:00,9.21,9.6,9.025,9.525,1053845,5837,9.342222
2023-05-16 04:00:00+00:00,9.4,9.63,9.36,9.48,832617,4846,9.489261
2023-05-17 04:00:00+00:00,9.49,10.285,9.46,10.25,1244217,5990,10.053682
2023-05-18 04:00:00+00:00,10.43,11.81,10.4,11.74,3212781,16007,11.316496
2023-05-19 04:00:00+00:00,11.96,12.405,11.525,11.705,2421575,12111,11.8833
2023-05-22 04:00:00+00:00,11.62,12.1,11.39,11.83,882111,5756,11.753723
2023-05-23 04:00:00+00:00,11.96,13.415,11.875,12.64,2275155,11719,12.871501
2023-05-24 04:00:00+00:00,12.035,12.425,11.825,12.225,1525422,9458,12.109904
2023-05-25 04:00:00+00:00,13.18,13.22,12.34,12.84,1965539,10679,12.737854
2023-05-26 04:00:00+00:00,12.86,14.195,12.85,13.64,2621711,15205,13.783553
2023-05-30 04:00:00+00:00,14.44,15.005,14.25,14.715,2496735,15776,14.73845
2023-05-31 04:00:00+00:00,14.17,14.785,13.85,14.71,1476310,9005,14.260432
2023-06-01 04:00:00+00:00,14.42,15.215,14.21,14.54,1730006,11665,14.628938
2023-06-02 04:00:00+00:00,14.67,15.02,14.16,14.52,976109,6346,14.570632
2023-06-05 04:00:00+00:00,14.385,15.7,14.375,15.23,1332102,8769,15.29985
2023-06-06 04:00:00+00:00,15.28,15.58,14.94,15.46,722960,6940,15.296867
2023-06-07 04:00:00+00:00,16.0,17.155,14.53,14.715,2417807,14681,15.768467
2023-06-08 04:00:00+00:00,14.43,15.59,14.39,15.2,1470874,9090,15.162393
2023-06-09 04:00:00+00:00,15.36,15.97,14.82,15.01,1141665,7786,15.352649
2023-06-12 04:00:00+00:00,15.42,16.015,15.34,15.65,756632,5799,15.639781
2023-06-13 04:00:00+00:00,16.22,16.245,15.17,15.99,1302115,9174,15.68802
2023-06-14 04:00:00+00:00,15.91,16.19,15.445,15.92,779469,6262,15.851002
2023-06-15 04:00:00+00:00,15.665,16.785,15.51,16.6,1462992,14167,16.453319
2023-06-16 04:00:00+00:00,16.89,16.89,16.01,16.32,1050157,7861,16.302216
2023-06-20 04:00:00+00:00,15.98,16.87,15.58,15.8,1057192,10787,15.988577
2023-06-21 04:00:00+00:00,15.7,15.75,14.375,14.64,1225887,7687,14.768684
2023-06-22 04:00:00+00:00,14.265,14.43,13.86,14.05,1565986,8519,14.166701
2023-06-23 04:00:00+00:00,13.66,14.13,13.565,14.02,1480495,8857,13.853541
2023-06-26 04:00:00+00:00,13.865,14.41,13.86,13.945,904513,5140,14.153909
2023-06-27 04:00:00+00:00,14.25,14.76,13.96,14.615,730560,4986,14.504238
2023-06-28 04:00:00+00:00,14.52,15.425,14.48,15.26,1006304,5298,15.043292
2023-06-29 04:00:00+00:00,15.395,15.57,15.06,15.2,589114,4646,15.262227
2023-06-30 04:00:00+00:00,15.48,15.79,15.24,15.33,552911,4039,15.496856
2023-07-03 04:00:00+00:00,15.49,15.585,15.195,15.51,394879,3858,15.386352
2023-07-05 04:00:00+00:00,15.44,15.76,15.24,15.71,540264,4467,15.523267
2023-07-06 04:00:00+00:00,15.34,15.365,14.63,15.15,718210,4607,14.907645
2023-07-07 04:00:00+00:00,15.29,15.895,15.2,15.35,446520,3927,15.576526
2023-07-10 04:00:00+00:00,15.37,16.32,14.96,16.3,739200,5020,15.88161
2023-07-11 04:00:00+00:00,16.495,16.92,16.15,16.49,939019,6925,16.533487
2023-07-12 04:00:00+00:00,16.8,16.935,16.41,16.58,639083,5251,16.656757
2023-07-13 04:00:00+00:00,16.705,17.255,16.67,16.74,589710,4553,16.960553
2023-07-14 04:00:00+00:00,16.79,17.0,16.275,16.4,540650,3980,16.587779
2023-07-17 04:00:00+00:00,16.41,17.585,16.335,17.41,699443,5013,17.32834
2023-07-18 04:00:00+00:00,17.88,18.13,17.19,18.07,1225623,8518,17.759256
2023-07-19 04:00:00+00:00,18.095,18.99,17.77,18.045,807261,6219,18.386023
2023-07-20 04:00:00+00:00,17.525,17.99,16.98,17.14,943145,5701,17.291858
2023-07-21 04:00:00+00:00,17.415,17.435,16.22,16.435,597210,4637,16.64259
2023-07-24 04:00:00+00:00,16.61,16.68,16.13,16.325,366391,3099,16.355962
2023-07-25 04:00:00+00:00,16.42,16.855,16.37,16.56,293689,2544,16.612983
2023-07-26 04:00:00+00:00,16.41,16.68,16.135,16.435,348619,2680,16.379204
2023-07-27 04:00:00+00:00,16.84,17.19,16.015,16.15,686114,5867,16.58044
2023-07-28 04:00:00+00:00,17.19,17.97,16.75,17.805,999099,7274,17.419611
2023-07-31 04:00:00+00:00,18.82,19.99,18.39,19.83,1976523,14185,19.466717
2023-08-01 04:00:00+00:00,19.4,20.235,19.235,19.985,1102684,7644,19.903536
2023-08-02 04:00:00+00:00,19.28,19.615,18.15,18.955,987230,10380,18.838476
2023-08-03 04:00:00+00:00,18.65,19.3,18.62,18.71,444298,3645,18.838098
2023-08-04 04:00:00+00:00,18.905,19.07,18.08,18.195,621835,8831,18.397177
2023-08-07 04:00:00+00:00,18.26,18.385,17.01,17.99,1784496,8598,17.618506
2023-08-08 04:00:00+00:00,17.39,17.39,16.1,17.03,1829008,10732,16.691617
2023-08-09 04:00:00+00:00,16.76,16.91,15.1,15.245,1684265,11006,15.667209
2023-08-10 04:00:00+00:00,15.45,15.86,15.25,15.4,1128738,7294,15.508993
2023-08-11 04:00:00+00:00,15.035,15.57,14.91,15.405,661744,5391,15.336816
2023-08-14 04:00:00+00:00,15.14,15.725,14.97,15.72,477406,3713,15.482019
2023-08-15 04:00:00+00:00,15.62,15.87,15.29,15.36,595491,4573,15.469904
2023-08-16 04:00:00+00:00,15.185,15.72,15.15,15.44,422004,2974,15.448999
2023-08-17 04:00:00+00:00,15.36,15.38,14.04,14.15,1314316,6529,14.403634
2023-08-18 04:00:00+00:00,13.89,14.595,13.69,14.405,868222,6129,14.278254
2023-08-21 04:00:00+00:00,14.43,14.76,14.34,14.495,455054,3476,14.529454
2023-08-22 04:00:00+00:00,14.8,15.125,14.63,14.675,793077,6285,14.827165
2023-08-23 04:00:00+00:00,14.52,15.465,14.47,15.305,625585,4919,15.186458
2023-08-24 04:00:00+00:00,15.7,15.7,13.88,14.145,1636539,9400,14.361221
2023-08-25 04:00:00+00:00,14.16,14.64,14.02,14.52,550112,3756,14.338038
2023-08-28 04:00:00+00:00,14.67,14.87,14.5,14.64,440416,3163,14.68607
2023-08-29 04:00:00+00:00,14.62,15.62,14.505,15.405,639240,4229,15.37281
2023-08-30 04:00:00+00:00,15.45,16.345,15.33,16.335,813891,5389,16.09263
2023-08-31 04:00:00+00:00,15.63,15.795,14.66,14.985,1105699,7050,15.02334
2023-09-01 04:00:00+00:00,15.135,15.35,14.835,15.175,665920,4557,15.102435
2023-09-05 04:00:00+00:00,15.08,15.415,14.9,15.215,453735,4030,15.196309
2023-09-06 04:00:00+00:00,15.17,15.62,15.08,15.305,420133,3354,15.248388
2023-09-07 04:00:00+00:00,14.81,15.23,14.29,15.21,690906,4809,14.674963
2023-09-08 04:00:00+00:00,15.185,15.595,15.09,15.14,409764,3466,15.299137
2023-09-11 04:00:00+00:00,15.42,16.095,15.36,15.81,798126,6076,15.770335
2023-09-12 04:00:00+00:00,15.45,16.15,15.45,15.6,809605,9197,15.739512
2023-09-13 04:00:00+00:00,15.55,15.84,15.42,15.61,525927,3445,15.617498
2023-09-14 04:00:00+00:00,15.7,16.035,15.48,15.825,351911,2965,15.765323
2023-09-15 04:00:00+00:00,15.76,15.865,15.17,15.3,505224,4145,15.295871
2023-09-18 04:00:00+00:00,15.155,15.62,15.07,15.47,459535,5526,15.439872
2023-09-19 04:00:00+00:00,15.325,15.495,14.95,15.15,496869,3481,15.127548
2023-09-20 04:00:00+00:00,15.255,15.41,14.74,14.74,326329,2933,15.05441
2023-09-21 04:00:00+00:00,14.305,14.59,13.69,14.0,1024625,6282,14.104354
2023-09-22 04:00:00+00:00,14.21,14.41,14.045,14.13,523554,3614,14.181493
2023-09-25 04:00:00+00:00,14.0,14.23,13.85,14.22,372374,2904,14.077538
2023-09-26 04:00:00+00:00,13.96,14.16,13.88,13.965,477663,3460,14.008086
2023-09-27 04:00:00+00:00,14.19,14.955,14.19,14.86,1149993,6221,14.662917
2023-09-28 04:00:00+00:00,15.095,15.96,14.83,15.77,1106145,6131,15.542902
2023-09-29 04:00:00+00:00,16.12,16.805,15.965,16.01,984257,5551,16.28296
2023-10-02 04:00:00+00:00,16.02,16.43,15.78,15.895,480996,3769,15.983635
2023-10-03 04:00:00+00:00,15.6,15.75,14.825,14.895,1009222,6186,15.100264
2023-10-04 04:00:00+00:00,15.38,15.845,15.17,15.74,569575,4089,15.519712
2023-10-05 04:00:00+00:00,15.585,15.89,15.41,15.815,640305,4544,15.667335
2023-10-06 04:00:00+00:00,15.51,16.685,15.51,16.62,663444,4215,16.422512
2023-10-09 04:00:00+00:00,16.25,17.815,16.23,17.61,1027682,6733,17.322985
2023-10-10 04:00:00+00:00,18.07,18.395,17.62,17.795,832100,6069,17.9963
2023-10-11 04:00:00+00:00,17.85,18.415,17.73,17.91,392516,4409,18.01513
2023-10-12 04:00:00+00:00,17.92,18.23,17.56,17.93,882695,6008,17.971125
2023-10-13 04:00:00+00:00,18.155,18.155,17.275,17.385,390762,4259,17.485008
2023-10-16 04:00:00+00:00,17.215,17.45,16.68,17.365,607082,4351,17.25645
2023-10-17 04:00:00+00:00,16.985,18.02,16.92,17.84,415971,3342,17.733339
2023-10-18 04:00:00+00:00,17.8,18.22,17.19,17.19,360478,3965,17.518611
2023-10-19 04:00:00+00:00,17.45,17.57,16.98,17.06,556390,4163,17.210478
2023-10-20 04:00:00+00:00,16.84,16.935,15.81,16.12,953686,8674,16.243362
2023-10-23 04:00:00+00:00,15.88,16.34,15.22,16.195,643032,4205,15.781137
2023-10-24 04:00:00+00:00,16.39,16.93,16.305,16.63,409365,3348,16.621789
2023-10-25 04:00:00+00:00,16.575,16.575,15.58,15.595,529838,4066,15.969086
2023-10-26 04:00:00+00:00,15.565,15.88,15.05,15.28,636071,4543,15.363313
2023-10-27 04:00:00+00:00,15.56,15.56,14.96,15.07,584432,3791,15.146303
2023-10-30 04:00:00+00:00,15.28,15.28,14.56,14.7,571812,6230,14.832295
2023-10-31 04:00:00+00:00,14.615,15.0,14.57,14.805,577803,4323,14.830264
2023-11-01 04:00:00+00:00,14.815,14.96,14.48,14.94,1767244,9540,14.736596
2023-11-02 04:00:00+00:00,17.51,18.285,17.22,17.98,2569015,15130,17.759884
2023-11-03 04:00:00+00:00,18.04,19.07,17.77,18.895,1716137,9416,18.789542
2023-11-06 05:00:00+00:00,18.98,19.08,17.94,18.54,1252421,8226,18.349937
2023-11-07 05:00:00+00:00,18.85,19.17,18.54,18.8,707728,4674,18.932186
2023-11-08 05:00:00+00:00,18.81,18.91,18.15,18.485,652444,5414,18.435209
2023-11-09 05:00:00+00:00,18.7,18.87,18.17,18.29,652047,5670,18.544303
2023-11-10 05:00:00+00:00,18.11,19.715,18.11,19.68,1542289,8622,19.305626
2023-11-13 05:00:00+00:00,19.595,19.875,19.3,19.705,873676,7318,19.594199
2023-11-14 05:00:00+00:00,20.09,20.1,19.5,19.945,1076459,6923,19.884302
2023-11-15 05:00:00+00:00,19.875,20.37,19.625,19.955,842347,5998,20.043687
2023-11-16 05:00:00+00:00,19.83,19.865,19.29,19.765,831177,4802,19.640542
2023-11-17 05:00:00+00:00,19.7,20.58,19.675,20.51,906348,5528,20.323265
2023-11-20 05:00:00+00:00,20.675,21.585,20.58,21.33,1068222,7731,21.284677
2023-11-21 05:00:00+00:00,21.08,21.8,19.73,19.8,1364757,8339,20.306804
2023-11-22 05:00:00+00:00,20.33,20.44,19.34,19.675,910596,6824,19.732544
2023-11-24 05:00:00+00:00,19.38,19.58,18.94,19.25,416861,2911,19.25481
2023-11-27 05:00:00+00:00,19.095,19.495,18.64,19.075,658865,6073,19.15443
2023-11-28 05:00:00+00:00,19.11,19.8,19.04,19.71,721740,4888,19.533772
2023-11-29 05:00:00+00:00,19.975,20.305,19.78,19.86,742638,4351,20.016305
2023-11-30 05:00:00+00:00,19.93,20.23,19.685,20.05,944662,7625,19.939692
2023-12-01 05:00:00+00:00,19.935,20.285,19.56,20.28,505281,3536,20.027739
2023-12-04 05:00:00+00:00,19.76,19.825,18.27,18.41,1830605,9308,18.778177
2023-12-05 05:00:00+00:00,18.265,18.525,17.96,18.31,600107,4769,18.261707
2023-12-06 05:00:00+00:00,17.68,17.825,17.07,17.135,1719033,9470,17.431073
2023-12-07 05:00:00+00:00,17.23,17.48,17.085,17.23,858210,5168,17.23944
2023-12-08 05:00:00+00:00,17.24,17.92,17.115,17.765,1042697,6823,17.654382
2023-12-11 05:00:00+00:00,17.895,18.275,17.7,17.775,594410,3695,17.997422
2023-12-12 05:00:00+00:00,17.72,17.87,17.24,17.495,463554,3888,17.515672
2023-12-13 05:00:00+00:00,17.71,17.9,17.22,17.865,484529,3772,17.566138
2023-12-14 05:00:00+00:00,18.185,18.57,17.72,18.205,927808,5901,18.075333
2023-12-15 05:00:00+00:00,18.67,19.145,18.045,18.18,1283639,6096,18.65631
2023-12-18 05:00:00+00:00,18.195,18.57,17.775,17.855,643580,3841,18.090628
2023-12-19 05:00:00+00:00,18.0,18.19,17.84,17.96,563443,4936,17.989128
2023-12-20 05:00:00+00:00,17.85,17.91,17.19,17.24,444336,3458,17.514359
2023-12-21 05:00:00+00:00,17.57,17.73,17.43,17.59,365956,2822,17.57644
2023-12-22 05:00:00+00:00,17.675,17.675,17.34,17.41,293871,2094,17.497909
2023-12-26 05:00:00+00:00,17.405,17.745,17.34,17.69,234701,2015,17.634357
2023-12-27 05:00:00+00:00,17.79,17.89,17.465,17.47,283326,2015,17.548111
2023-12-28 05:00:00+00:00,17.46,17.83,17.42,17.57,486505,3069,17.637861
2023-12-29 05:00:00+00:00,17.54,17.63,17.105,17.165,376973,3267,17.269758
2024-01-02 05:00:00+00:00,16.91,16.925,16.5,16.585,622578,4078,16.682776
2024-01-03 05:00:00+00:00,16.105,16.375,16.01,16.1,622888,4159,16.152312
2024-01-04 05:00:00+00:00,16.03,16.575,15.96,16.255,428891,3048,16.351784
2024-01-05 05:00:00+00:00,15.69,16.12,15.675,15.98,1080386,6016,15.980555
2024-01-08 05:00:00+00:00,16.22,16.885,16.15,16.68,800250,4784,16.633153
2024-01-09 05:00:00+00:00,16.6,16.61,16.285,16.38,545748,3332,16.453614
2024-01-10 05:00:00+00:00,16.54,17.015,16.4,16.785,482318,3539,16.808544
2024-01-11 05:00:00+00:00,16.79,16.92,16.17,16.67,451018,3218,16.508297
2024-01-12 05:00:00+00:00,16.705,17.06,16.635,16.77,402872,3189,16.79085
2024-01-16 05:00:00+00:00,16.59,16.73,16.3,16.535,350315,3922,16.519844
2024-01-17 05:00:00+00:00,16.31,16.41,16.05,16.39,368328,2729,16.257477
2024-01-18 05:00:00+00:00,16.79,16.81,16.1,16.39,318113,2446,16.317217
2024-01-19 05:00:00+00:00,16.565,16.78,16.155,16.78,814827,3317,16.397423
2024-01-22 05:00:00+00:00,17.495,18.345,17.44,17.605,1429391,7153,17.963647
2024-01-23 05:00:00+00:00,17.67,17.72,17.2,17.335,425082,3099,17.400692
2024-01-24 05:00:00+00:00,17.585,17.615,16.745,16.75,556803,3387,17.124979
2024-01-25 05:00:00+00:00,16.87,16.995,16.315,16.45,704752,4052,16.557665
2024-01-26 05:00:00+00:00,16.445,16.735,16.34,16.345,389364,2638,16.503232
2024-01-29 05:00:00+00:00,16.48,17.11,16.445,17.11,495417,2963,16.878388
2024-01-30 05:00:00+00:00,17.05,17.24,16.66,16.73,599370,2820,16.978003
2024-01-31 05:00:00+00:00,16.41,16.755,16.07,16.09,774912,3846,16.38148
2024-02-01 05:00:00+00:00,16.205,16.48,16.03,16.335,678340,4548,16.251994
2024-02-02 05:00:00+00:00,16.29,17.02,16.145,17.02,750653,4723,16.706638
2024-02-05 05:00:00+00:00,17.57,17.86,16.48,16.74,1859611,12854,16.800823
2024-02-06 05:00:00+00:00,20.33,22.175,19.765,21.875,5849275,30667,21.201641
2024-02-07 05:00:00+00:00,21.59,23.87,21.38,23.6,2789902,16848,23.23185
2024-02-08 05:00:00+00:00,23.98,25.06,23.33,24.525,1969388,12442,24.379709
2024-02-09 05:00:00+00:00,25.09,25.09,23.575,24.37,1515691,11065,24.276166
2024-02-12 05:00:00+00:00,23.89,25.51,23.82,25.05,863244,6557,24.787607
2024-02-13 05:00:00+00:00,23.48,24.66,23.31,24.01,787744,6864,24.116193
2024-02-14 05:00:00+00:00,24.18,25.49,23.77,25.16,751867,6038,24.896703
2024-02-15 05:00:00+00:00,25.13,25.46,24.725,25.41,796186,7129,25.231415
2024-02-16 05:00:00+00:00,25.005,25.49,24.395,24.45,577210,5164,24.775371
2024-02-20 05:00:00+00:00,23.77,23.96,22.72,23.4,1137695,8574,23.241652
2024-02-21 05:00:00+00:00,22.3,22.92,22.29,22.75,651335,5521,22.631682
2024-02-22 05:00:00+00:00,23.825,23.94,23.07,23.595,710106,6035,23.55193
2024-02-23 05:00:00+00:00,23.53,24.065,22.82,22.975,469111,3862,23.177154
2024-02-26 05:00:00+00:00,23.07,23.87,22.945,23.56,507331,4404,23.620019
2024-02-27 05:00:00+00:00,23.83,24.615,23.765,24.54,626050,5624,24.290842
2024-02-28 05:00:00+00:00,24.52,24.84,24.26,24.43,416490,4077,24.492446
2024-02-29 05:00:00+00:00,24.84,25.28,24.38,25.05,593348,4505,24.874861
2024-03-01 05:00:00+00:00,25.305,25.685,24.54,24.945,997877,6964,24.939024
2024-03-04 05:00:00+00:00,24.44,24.535,23.54,24.04,816868,5709,24.018997
2024-03-05 05:00:00+00:00,23.925,24.39,23.44,23.82,768478,5923,23.803471
2024-03-06 05:00:00+00:00,25.76,26.75,24.545,26.15,2250536,18615,25.954186
2024-03-07 05:00:00+00:00,27.01,27.5,26.38,26.46,1308060,10173,26.908664
2024-03-08 05:00:00+00:00,27.185,27.275,25.84,26.04,1060854,9241,26.403286
2024-03-11 04:00:00+00:00,25.845,26.83,25.295,25.36,662849,6390,25.878844
2024-03-12 04:00:00+00:00,25.6,25.62,24.35,24.7,764629,8055,24.760358
2024-03-13 04:00:00+00:00,24.7,25.43,24.6,25.0,549566,5673,25.022029
2024-03-14 04:00:00+00:00,24.82,24.94,24.14,24.46,650924,6040,24.436429
2024-03-15 04:00:00+00:00,23.84,24.1,23.42,23.485,1111390,8422,23.71512
2024-03-18 04:00:00+00:00,23.77,24.175,23.32,23.99,733683,5458,23.841426
2024-03-19 04:00:00+00:00,23.58,23.825,22.92,23.795,480526,4969,23.442921
2024-03-20 04:00:00+00:00,23.765,24.65,23.68,24.6,467458,4593,24.206552
2024-03-21 04:00:00+00:00,25.24,25.32,24.45,24.475,370176,4259,24.855264
2024-03-22 04:00:00+00:00,24.16,24.44,24.03,24.17,226290,2556,24.176683
2024-03-25 04:00:00+00:00,24.13,24.61,24.08,24.5,332284,3871,24.444164
2024-03-26 04:00:00+00:00,24.855,25.45,24.48,24.88,371835,3830,24.992776
2024-03-27 04:00:00+00:00,25.09,25.44,24.265,24.5,370044,3654,24.575765
2024-03-28 04:00:00+00:00,24.17,24.26,22.94,23.01,580889,5102,23.276878
2024-04-01 04:00:00+00:00,22.94,23.21,22.4,22.845,560420,5755,22.717522
2024-04-02 04:00:00+00:00,22.0,22.79,21.73,22.73,561698,3935,22.339343
2024-04-03 04:00:00+00:00,22.57,23.005,22.395,22.7,211376,2418,22.727829
2024-04-04 04:00:00+00:00,23.78,24.085,22.41,22.47,543200,4486,23.135416
2024-04-05 04:00:00+00:00,22.31,23.31,22.31,22.96,404260,3643,22.948403
2024-04-08 04:00:00+00:00,23.1,23.195,22.68,23.01,297806,3283,23.005699
2024-04-09 04:00:00+00:00,23.08,23.08,22.47,22.81,312147,2862,22.761374
2024-04-10 04:00:00+00:00,22.21,22.7,22.06,22.42,451473,3895,22.48338
2024-04-11 04:00:00+00:00,22.64,22.905,22.27,22.845,314538,3249,22.685458
2024-04-12 04:00:00+00:00,22.665,23.195,22.41,22.67,484655,4235,22.759229
2024-04-15 04:00:00+00:00,22.84,23.12,21.84,21.915,477387,4379,22.324721
2024-04-16 04:00:00+00:00,21.605,21.99,21.29,21.88,401340,4038,21.717187
2024-04-17 04:00:00+00:00,22.0,22.11,21.22,21.29,577572,4833,21.525262
2024-04-18 04:00:00+00:00,21.215,21.425,20.705,21.115,465768,4120,21.080228
2024-04-19 04:00:00+00:00,20.95,21.43,20.33,20.475,676586,5772,20.657548
2024-04-22 04:00:00+00:00,20.7,21.075,20.36,20.98,429117,3482,20.754075
2024-04-23 04:00:00+00:00,21.4,22.055,21.28,21.635,532677,4556,21.720035
2024-04-24 04:00:00+00:00,22.01,22.25,21.31,21.58,397067,3359,21.684945
2024-04-25 04:00:00+00:00,20.8,21.735,20.67,21.715,496283,3862,21.396647
2024-04-26 04:00:00+00:00,22.03,22.67,21.96,22.52,418668,3319,22.406656
2024-04-29 04:00:00+00:00,22.76,23.075,22.545,22.825,451503,3510,22.743566
2024-04-30 04:00:00+00:00,22.76,22.865,21.96,21.965,426308,3508,22.30105
2024-05-01 04:00:00+00:00,21.9,22.81,21.64,22.115,551980,4626,22.278758
2024-05-02 04:00:00+00:00,22.5,22.71,22.11,22.525,488866,4223,22.441641
2024-05-03 04:00:00+00:00,23.485,23.485,22.91,23.33,750629,5563,23.185879
2024-05-06 04:00:00+00:00,24.36,25.355,24.055,25.215,1708638,10604,24.962793
2024-05-07 04:00:00+00:00,22.02,22.7,21.35,21.41,2219518,12351,21.664279
2024-05-08 04:00:00+00:00,21.575,21.72,21.06,21.57,941341,5652,21.337767
2024-05-09 04:00:00+00:00,21.5,21.57,20.94,21.145,611991,4328,21.24094
2024-05-10 04:00:00+00:00,21.295,21.365,20.5,20.61,593832,4229,20.774566
2024-05-13 04:00:00+00:00,20.695,21.185,20.695,20.93,432530,3342,20.957397
2024-05-14 04:00:00+00:00,20.985,22.065,20.985,21.44,1194633,7070,21.624677
2024-05-15 04:00:00+00:00,21.75,21.8,21.19,21.675,535907,3692,21.469981
2024-05-16 04:00:00+00:00,21.74,21.87,21.545,21.67,318971,2943,21.739055
2024-05-17 04:00:00+00:00,21.725,22.165,21.565,21.76,463258,3474,21.856358
2024-05-20 04:00:00+00:00,21.75,21.765,21.22,21.63,434878,3423,21.414218
2024-05-21 04:00:00+00:00,21.44,21.44,21.13,21.23,467805,3301,21.230957
2024-05-22 04:00:00+00:00,21.275,21.4,21.085,21.165,232921,2377,21.229769
2024-05-23 04:00:00+00:00,21.38,21.47,20.635,20.73,430107,3471,20.810795
2024-05-24 04:00:00+00:00,20.71,21.145,20.66,21.01,199334,1977,20.973739
2024-05-28 04:00:00+00:00,21.05,21.22,20.73,21.055,282078,2281,21.054432
2024-05-29 04:00:00+00:00,20.785,20.99,20.64,20.945,290756,2336,20.847284
2024-05-30 04:00:00+00:00,21.25,21.95,21.03,21.745,602159,3803,21.611584
2024-05-31 04:00:00+00:00,21.82,22.19,21.315,21.67,499895,3873,21.650788
2024-06-03 04:00:00+00:00,21.775,21.775,21.015,21.32,603959,3694,21.220682
2024-06-04 04:00:00+00:00,21.12,22.255,21.12,22.1,449718,2991,21.829895
2024-06-05 04:00:00+00:00,22.45,22.98,22.225,22.95,413531,2964,22.748792
2024-06-06 04:00:00+00:00,23.01,23.945,23.0,23.785,771992,4827,23.597496
2024-06-07 04:00:00+00:00,23.205,23.565,23.06,23.32,465214,3723,23.306903
2024-06-10 04:00:00+00:00,22.74,23.16,22.7,23.13,364209,2856,22.97517
2024-06-11 04:00:00+00:00,23.125,23.95,22.9,23.86,454131,4057,23.593873
2024-06-12 04:00:00+00:00,24.22,24.325,23.585,23.775,366585,2734,23.92002
2024-06-13 04:00:00+00:00,23.84,24.12,23.15,23.27,401187,3264,23.448786
2024-06-14 04:00:00+00:00,23.18,23.715,22.855,23.575,391618,3581,23.357735
2024-06-17 04:00:00+00:00,23.505,25.055,23.47,25.015,1193046,6787,24.613683
2024-06-18 04:00:00+00:00,25.185,26.02,24.85,25.84,784216,4893,25.538581
2024-06-20 04:00:00+00:00,26.42,26.565,25.17,25.57,964386,6359,26.058769
2024-06-21 04:00:00+00:00,24.66,24.755,23.535,23.825,781155,5590,24.010749
2024-06-24 04:00:00+00:00,23.385,24.38,23.31,24.165,381444,4098,24.050086
2024-06-25 04:00:00+00:00,24.195,24.63,23.95,24.56,306275,2743,24.412755
2024-06-26 04:00:00+00:00,24.51,24.655,24.03,24.09,411682,3262,24.202474
2024-06-27 04:00:00+00:00,24.13,25.4,24.1,25.23,495739,4087,25.072856
2024-06-28 04:00:00+00:00,25.31,25.56,25.035,25.33,385894,3860,25.33908
2024-07-01 04:00:00+00:00,25.53,26.015,25.15,25.88,281055,3087,25.71851
2024-07-02 04:00:00+00:00,25.79,26.42,25.79,25.825,285065,3007,26.089635
2024-07-03 04:00:00+00:00,25.995,26.25,25.77,25.85,134749,1690,26.004658
2024-07-05 04:00:00+00:00,26.05,27.24,26.05,27.22,445015,4802,26.989582
2024-07-08 04:00:00+00:00,27.895,27.985,26.85,27.71,768020,7005,27.689464
2024-07-09 04:00:00+00:00,27.895,28.35,27.24,27.395,388943,4958,27.6984
2024-07-10 04:00:00+00:00,27.5,28.47,27.4,28.41,447520,3972,28.052695
2024-07-11 04:00:00+00:00,28.48,28.57,26.9,27.64,721991,6957,27.576419
2024-07-12 04:00:00+00:00,27.375,28.115,27.305,28.065,305000,3492,27.969415
2024-07-15 04:00:00+00:00,28.425,29.3,27.91,28.665,411779,3503,28.873407
2024-07-16 04:00:00+00:00,28.125,28.84,27.47,28.675,699218,5673,28.310216
2024-07-17 04:00:00+00:00,27.935,28.855,27.6,28.23,690278,5948,28.209432
2024-07-18 04:00:00+00:00,28.5,29.825,28.18,28.61,705358,5637,28.991464
2024-07-19 04:00:00+00:00,28.325,29.6,28.3,28.57,469359,4187,29.016369
2024-07-22 04:00:00+00:00,28.915,28.93,27.705,28.45,343480,3225,28.288179
2024-07-23 04:00:00+00:00,28.49,29.185,28.46,28.795,280996,3362,28.898905
2024-07-24 04:00:00+00:00,28.47,28.675,26.585,26.585,534622,5010,27.203622
2024-07-25 04:00:00+00:00,25.92,27.25,25.43,26.635,471070,4991,26.361009
2024-07-26 04:00:00+00:00,27.1,27.33,26.77,27.175,283318,2833,27.088243
2024-07-29 04:00:00+00:00,27.585,27.79,26.74,27.09,212288,2311,27.230939
2024-07-30 04:00:00+00:00,27.245,27.44,25.89,26.38,501164,4664,26.502063
2024-07-31 04:00:00+00:00,27.165,27.38,26.88,26.88,231347,2477,27.150705
2024-08-01 04:00:00+00:00,27.015,27.535,25.84,26.07,442646,4268,26.390391
2024-08-02 04:00:00+00:00,24.67,24.825,23.75,24.73,1222535,8722,24.32656
2024-08-05 04:00:00+00:00,21.85,24.405,21.26,24.1,1222763,10096,23.48952
2024-08-06 04:00:00+00:00,27.025,27.42,25.575,26.6,1868738,12877,26.666964
2024-08-07 04:00:00+00:00,26.99,28.36,26.245,26.35,1028181,8476,27.518393
2024-08-08 04:00:00+00:00,27.05,29.375,26.69,29.28,1200110,11029,28.59805
2024-08-09 04:00:00+00:00,29.25,30.36,29.11,30.02,1088466,8941,29.859
2024-08-12 04:00:00+00:00,30.235,31.19,29.27,29.36,880568,7045,29.972601
2024-08-13 04:00:00+00:00,29.67,30.83,29.56,30.38,501843,5554,30.353476
2024-08-14 04:00:00+00:00,30.595,31.37,30.33,30.99,615381,5532,30.964193
2024-08-15 04:00:00+00:00,31.305,31.49,30.84,31.22,609818,6796,31.180557
2024-08-16 04:00:00+00:00,31.13,32.745,31.03,32.06,787850,7420,32.167005
2024-08-19 04:00:00+00:00,32.31,32.585,31.82,32.48,519191,5410,32.265854
2024-08-20 04:00:00+00:00,32.49,32.7,31.63,32.285,550740,5087,32.103895
2024-08-21 04:00:00+00:00,32.31,32.67,31.97,32.54,575335,5943,32.305266
2024-08-22 04:00:00+00:00,32.525,33.12,31.85,31.93,574530,5423,32.421101
2024-08-23 04:00:00+00:00,31.99,32.55,31.63,31.76,400301,4188,31.940984
2024-08-26 04:00:00+00:00,31.42,31.72,30.8,30.85,487067,4854,31.050261
2024-08-27 04:00:00+00:00,30.5,31.12,30.395,30.84,355784,3529,30.851999
2024-08-28 04:00:00+00:00,30.65,30.8,29.76,30.35,600671,4812,30.238243
2024-08-29 04:00:00+00:00,30.69,31.815,30.525,30.99,644346,5972,31.32678
2024-08-30 04:00:00+00:00,31.06,31.49,30.7,31.48,603669,5995,31.17058
2024-09-03 04:00:00+00:00,31.36,31.58,30.17,30.505,512127,4527,30.744389
2024-09-04 04:00:00+00:00,30.04,30.85,29.315,30.58,456547,4895,30.288844
2024-09-05 04:00:00+00:00,30.335,30.73,30.03,30.16,446143,4205,30.361814
2024-09-06 04:00:00+00:00,30.64,31.035,29.52,30.34,888619,8030,30.104791
2024-09-09 04:00:00+00:00,32.715,34.685,32.48,34.59,3708774,25768,33.87619
2024-09-10 04:00:00+00:00,34.9,35.185,33.71,34.73,1939892,16403,34.354536
2024-09-11 04:00:00+00:00,34.02,34.87,33.62,34.845,1599927,12651,34.350519
2024-09-12 04:00:00+00:00,34.86,35.395,34.55,34.93,876712,7594,34.99254
2024-09-13 04:00:00+00:00,34.9,36.0,34.9,35.59,947146,9382,35.511806
2024-09-16 04:00:00+00:00,35.76,36.91,35.59,36.31,1357692,11141,36.327341
2024-09-17 04:00:00+00:00,37.0,37.03,35.88,36.46,1705099,10794,36.358033
2024-09-18 04:00:00+00:00,35.915,37.09,35.9,36.39,1258525,10454,36.517212
2024-09-19 04:00:00+00:00,37.035,37.34,36.225,36.83,1409224,10477,36.879156
2024-09-20 04:00:00+00:00,36.25,37.28,35.72,37.21,3638851,23075,36.602374
2024-09-23 04:00:00+00:00,36.97,38.19,36.58,37.93,1466097,10620,37.547758
2024-09-24 04:00:00+00:00,37.93,37.93,36.44,36.93,1561728,11554,36.888882
2024-09-25 04:00:00+00:00,36.88,37.17,36.39,37.12,938848,7523,36.783719
2024-09-26 04:00:00+00:00,37.23,37.435,36.6,37.09,942550,7419,37.077191
2024-09-27 04:00:00+00:00,36.985,37.46,36.59,36.85,781377,6078,36.900118
2024-09-30 04:00:00+00:00,36.57,37.32,36.17,37.21,1014782,8303,36.948763
2024-10-01 04:00:00+00:00,37.25,37.555,36.06,36.48,976040,8242,36.583439
2024-10-02 04:00:00+00:00,36.27,37.68,36.16,37.49,799118,5878,37.293652
2024-10-03 04:00:00+00:00,37.48,39.29,37.4,39.25,1095777,8462,38.750735
2024-10-04 04:00:00+00:00,39.62,40.29,39.405,40.01,1047050,8119,39.880672
2024-10-07 04:00:00+00:00,39.84,40.135,38.785,38.92,675587,5953,39.243285
2024-10-08 04:00:00+00:00,39.205,41.49,39.02,41.45,1126533,8927,40.932214
2024-10-09 04:00:00+00:00,41.565,43.335,41.22,43.14,1670844,12364,42.6928
2024-10-10 04:00:00+00:00,42.85,43.87,42.44,43.51,1146167,9027,43.259103
2024-10-11 04:00:00+00:00,43.425,44.375,42.62,43.5,923820,8472,43.261677
2024-10-14 04:00:00+00:00,43.865,44.385,43.28,43.41,705939,7681,43.666866
2024-10-15 04:00:00+00:00,43.48,43.65,41.54,42.44,844051,9374,42.519174
2024-10-16 04:00:00+00:00,42.37,42.46,40.36,41.9,880072,8655,41.415737
2024-10-17 04:00:00+00:00,42.165,42.66,41.61,41.98,679963,5673,41.953399
2024-10-18 04:00:00+00:00,42.005,42.99,41.66,42.96,539188,6160,42.65117
2024-10-21 04:00:00+00:00,42.98,43.4,42.41,42.7,529678,5257,42.697485
2024-10-22 04:00:00+00:00,42.63,43.48,42.31,42.95,475295,5405,42.984119
2024-10-23 04:00:00+00:00,42.73,43.675,42.06,42.6,488033,5718,42.828447
2024-10-24 04:00:00+00:00,43.0,43.73,42.67,43.55,536187,5174,43.288801
2024-10-25 04:00:00+00:00,43.9,45.07,43.65,44.85,899856,8728,44.772227
2024-10-28 04:00:00+00:00,45.05,45.13,44.695,44.985,763497,7930,44.960136
2024-10-29 04:00:00+00:00,44.87,45.06,44.055,44.96,556561,6386,44.861028
2024-10-30 04:00:00+00:00,44.56,44.77,43.61,43.72,751276,7728,44.113953
2024-10-31 04:00:00+00:00,42.9,43.3,40.91,41.565,1089037,11278,41.606806
2024-11-01 04:00:00+00:00,41.865,42.57,41.59,41.93,985421,9790,42.09904
2024-11-04 05:00:00+00:00,41.13,42.03,41.07,41.45,1344657,12934,41.57852
2024-11-05 05:00:00+00:00,47.8,51.57,46.87,51.16,3022947,23738,50.27133
2024-11-06 05:00:00+00:00,53.43,55.69,51.62,55.5,2178324,18159,54.131426
2024-11-07 05:00:00+00:00,55.85,56.45,53.56,55.87,1548883,14566,55.115616
2024-11-08 05:00:00+00:00,55.63,58.47,55.3,58.44,1104625,10675,57.547893
2024-11-11 05:00:00+00:00,60.245,62.075,58.7,60.27,1887237,17845,60.526209
2024-11-12 05:00:00+00:00,59.04,60.09,58.57,59.88,988929,10978,59.395653
2024-11-13 05:00:00+00:00,61.52,63.385,59.87,60.7,1228345,11687,61.886622
2024-11-14 05:00:00+00:00,61.11,61.135,58.535,59.19,849650,9371,59.530524
2024-11-15 05:00:00+00:00,61.06,66.0,60.92,65.8,3995142,33085,63.922107
2024-11-18 05:00:00+00:00,64.75,64.79,58.85,61.255,2133499,20812,61.299054
2024-11-19 05:00:00+00:00,59.64,63.01,59.29,62.97,1326826,14256,61.543675
2024-11-20 05:00:00+00:00,62.42,63.0,59.995,62.11,817070,10799,61.488723
2024-11-21 05:00:00+00:00,62.19,63.37,60.9,61.35,1140397,12351,62.079143
2024-11-22 05:00:00+00:00,61.57,64.43,61.47,64.32,992416,11022,63.348316
2024-11-25 05:00:00+00:00,66.99,67.88,64.085,64.65,1018401,12611,65.715139
2024-11-26 05:00:00+00:00,64.54,65.85,63.9,65.76,752606,7864,65.148864
2024-11-27 05:00:00+00:00,66.335,67.515,64.25,66.05,570951,6847,65.80817
2024-11-29 05:00:00+00:00,65.83,67.16,65.5,67.08,355563,5152,66.676801
2024-12-02 05:00:00+00:00,67.385,67.87,65.97,66.39,761605,9084,66.66674
2024-12-03 05:00:00+00:00,66.6,71.36,66.6,70.96,1573210,13524,70.116895
2024-12-04 05:00:00+00:00,71.08,71.14,67.28,69.86,1289731,13863,69.177585
2024-12-05 05:00:00+00:00,70.085,72.965,69.9,71.88,889138,9202,71.772045
2024-12-06 05:00:00+00:00,72.78,76.81,72.36,76.31,1125733,12666,75.753821
2024-12-09 05:00:00+00:00,80.525,80.88,71.06,72.5,3010545,30305,74.929467
2024-12-10 05:00:00+00:00,71.975,75.55,70.74,70.91,1635386,17185,72.862267
2024-12-11 05:00:00+00:00,72.975,72.975,68.07,72.5,1143125,13187,70.717992
2024-12-12 05:00:00+00:00,72.26,75.36,71.9,73.2,992352,12329,73.550619
2024-12-13 05:00:00+00:00,73.27,76.1,72.45,76.085,688182,8359,74.368215
2024-12-16 05:00:00+00:00,75.085,77.8,71.2,75.75,1606994,15988,73.886928
2024-12-17 05:00:00+00:00,73.35,75.25,71.71,74.38,1384660,14892,73.939045
2024-12-18 05:00:00+00:00,74.21,77.59,70.29,71.44,1445217,16422,75.114102
2024-12-19 05:00:00+00:00,73.94,76.56,73.38,74.26,1763696,17927,74.927537
2024-12-20 05:00:00+00:00,72.45,80.63,71.51,80.63,2120687,21962,77.685922
2024-12-23 05:00:00+00:00,80.59,82.0,77.45,79.49,343164,3681,79.886633
2024-12-24 05:00:00+00:00,81.065,84.785,81.02,82.39,1367536,15593,83.146236
2024-12-26 05:00:00+00:00,83.175,83.49,81.315,82.2,1002449,10797,82.240127
2024-12-27 05:00:00+00:00,81.42,81.985,77.94,79.12,1034021,13083,79.03298
2024-12-30 05:00:00+00:00,76.82,79.23,76.125,77.16,727988,9394,77.759605
2024-12-31 05:00:00+00:00,77.59,77.9,75.06,75.66,735594,8986,76.304362
2025-01-02 05:00:00+00:00,76.255,76.51,72.44,75.21,1265510,13725,74.481184
2025-01-03 05:00:00+00:00,75.375,79.97,75.3,79.87,1064637,11636,78.908482
2025-01-06 05:00:00+00:00,78.83,80.04,74.61,75.94,1343158,15570,77.018764
2025-01-07 05:00:00+00:00,75.19,75.34,69.75,70.01,1597805,19581,71.403588
2025-01-08 05:00:00+00:00,68.16,69.53,66.51,68.25,1333956,17370,67.977285
2025-01-10 05:00:00+00:00,65.9,68.2,65.05,67.26,1372799,15660,66.565383
2025-01-13 05:00:00+00:00,64.17,65.67,63.46,64.99,1219933,14661,64.562854
2025-01-14 05:00:00+00:00,67.18,68.23,65.2,65.91,975034,12172,66.604151
2025-01-15 05:00:00+00:00,68.55,68.82,67.08,68.12,1075422,10312,68.107539
2025-01-16 05:00:00+00:00,69.18,71.425,68.36,69.23,968999,10912,70.185697
2025-01-17 05:00:00+00:00,70.72,72.33,69.99,71.77,888789,8182,71.425443
2025-01-21 05:00:00+00:00,73.22,73.62,70.61,73.09,753785,9961,72.717204
2025-01-22 05:00:00+00:00,74.52,77.15,73.83,76.84,943891,10863,76.048725
2025-01-23 05:00:00+00:00,75.97,79.0,75.96,79.0,741479,9296,77.835952
2025-01-24 05:00:00+00:00,79.12,82.22,78.45,78.98,1092651,11456,80.370627
2025-01-27 05:00:00+00:00,74.07,76.69,72.71,75.45,1337911,14957,74.65475
2025-01-28 05:00:00+00:00,75.54,80.71,74.04,80.215,1095646,12087,78.504778
2025-01-29 05:00:00+00:00,79.95,80.775,77.82,79.7,1062939,13103,79.218344
2025-01-30 05:00:00+00:00,80.02,81.81,79.41,81.18,886778,9603,80.671331
2025-01-31 05:00:00+00:00,81.07,85.21,80.95,82.49,1308921,14749,83.931016
2025-02-03 05:00:00+00:00,80.12,84.23,78.48,83.9,2032786,22317,81.855111
2025-02-04 05:00:00+00:00,102.79,106.91,100.585,103.83,4054058,41493,104.123958
2025-02-05 05:00:00+00:00,101.85,103.5,99.32,101.38,1615756,18806,101.214466
2025-02-06 05:00:00+00:00,101.1,111.495,100.27,111.28,2225033,24844,107.795753
2025-02-07 05:00:00+00:00,111.685,116.28,110.46,110.85,2523548,29249,113.968168
2025-02-10 05:00:00+00:00,112.0,116.76,108.78,116.69,1520619,17549,113.846585
2025-02-11 05:00:00+00:00,116.61,118.645,112.11,112.63,1853615,20118,114.889081
2025-02-12 05:00:00+00:00,110.15,117.58,110.0,117.42,1190485,15111,115.651266
2025-02-13 05:00:00+00:00,117.295,118.375,115.31,117.9,1091102,14745,117.033955
2025-02-14 05:00:00+00:00,117.865,120.61,116.825,119.16,885236,12458,118.811947
2025-02-18 05:00:00+00:00,121.0,124.99,118.44,124.615,1410945,16826,122.260145
2025-02-19 05:00:00+00:00,123.865,125.4,108.62,112.075,2580823,29157,117.625832
2025-02-20 05:00:00+00:00,102.91,107.4,95.8,106.19,3740379,43276,101.548977
2025-02-21 05:00:00+00:00,107.65,109.03,100.33,101.39,2333871,29511,104.502299
2025-02-24 05:00:00+00:00,95.895,99.0,89.3,90.77,3164134,36851,92.059269
2025-02-25 05:00:00+00:00,90.65,91.7,85.255,87.865,2389378,27070,87.529683
2025-02-26 05:00:00+00:00,89.23,91.675,87.595,89.48,2160572,24828,89.746567
2025-02-27 05:00:00+00:00,91.99,93.61,84.18,84.78,2347831,26556,88.139215
2025-02-28 05:00:00+00:00,80.0,85.0,78.59,84.99,2255527,26252,82.498121
2025-03-03 05:00:00+00:00,88.605,90.45,82.55,83.5,2139078,24349,87.210964
2025-03-04 05:00:00+00:00,80.17,88.48,79.33,84.4,2358942,27439,83.085732
2025-03-05 05:00:00+00:00,86.35,90.295,82.68,90.11,1943768,22141,87.413393
2025-03-06 05:00:00+00:00,87.68,88.33,80.01,80.46,2392506,26878,83.472455
2025-03-07 05:00:00+00:00,80.04,85.145,79.15,84.91,2151546,24171,82.683708
2025-03-10 04:00:00+00:00,81.63,82.5,74.58,76.38,3220558,35633,77.64121
2025-03-11 04:00:00+00:00,75.785,80.745,75.54,78.04,2301966,24534,78.422348
2025-03-12 04:00:00+00:00,83.62,84.54,79.895,83.6,1796973,21053,82.961703
2025-03-13 04:00:00+00:00,82.86,83.73,78.34,79.62,1675539,21649,80.129751
2025-03-14 04:00:00+00:00,82.97,87.24,82.17,86.21,1867692,20117,85.618326
2025-03-17 04:00:00+00:00,88.44,88.81,84.5,87.37,1423148,16303,86.958382
2025-03-18 04:00:00+00:00,85.605,86.15,81.84,83.88,1696242,20578,83.890872
2025-03-19 04:00:00+00:00,84.59,87.985,82.865,86.08,1234730,15679,85.539241
2025-03-20 04:00:00+00:00,85.51,89.78,85.14,87.39,1285491,16550,87.550269
2025-03-21 04:00:00+00:00,85.76,91.01,84.47,90.97,1745372,20367,88.725909
2025-03-24 04:00:00+00:00,93.4,97.365,92.31,96.74,1718956,22743,95.596174
2025-03-25 04:00:00+00:00,97.38,98.16,95.105,96.5,1453723,18266,96.293453
2025-03-26 04:00:00+00:00,96.305,97.275,90.84,92.25,1662267,21715,93.028613
2025-03-27 04:00:00+00:00,91.015,93.63,89.675,90.07,1440265,20010,91.730248
2025-03-28 04:00:00+00:00,89.25,89.315,84.1,85.83,1941423,23016,85.623776
2025-03-31 04:00:00+00:00,80.03,84.65,78.76,84.39,2074014,27105,82.465565
2025-04-01 04:00:00+00:00,83.89,85.275,81.83,84.66,1522655,19732,83.833066
2025-04-02 04:00:00+00:00,82.52,88.4,82.42,87.505,1466822,18695,86.648981
2025-04-03 04:00:00+00:00,81.24,85.65,81.04,83.64,1932599,24795,84.094912
2025-04-04 04:00:00+00:00,80.185,80.98,71.96,73.97,3011517,35852,75.572201
2025-04-07 04:00:00+00:00,66.74,81.77,66.26,77.78,4207990,43549,75.587094
2025-04-08 04:00:00+00:00,83.32,86.11,75.23,77.37,3431179,38716,81.083687
2025-04-09 04:00:00+00:00,78.19,93.33,77.3,92.02,3806319,44312,85.31411
2025-04-10 04:00:00+00:00,88.4,90.74,84.17,88.58,2634172,31037,87.990999
2025-04-11 04:00:00+00:00,87.98,89.545,85.47,88.53,2189065,28737,87.398744
2025-04-14 04:00:00+00:00,95.78,97.325,91.46,92.615,2178546,25302,93.816218
2025-04-15 04:00:00+00:00,93.63,98.98,93.13,98.39,1991092,22618,96.972633
2025-04-16 04:00:00+00:00,96.28,97.275,89.62,92.72,2356183,26986,93.408401
2025-04-17 04:00:00+00:00,94.72,95.11,92.315,93.73,1127975,14156,93.501858
2025-04-21 04:00:00+00:00,92.81,96.45,89.31,90.81,1297575,16039,92.268445
2025-04-22 04:00:00+00:00,93.06,96.33,91.405,93.99,1347612,16271,94.037357
2025-04-23 04:00:00+00:00,98.87,103.53,97.86,100.8,1843002,23172,101.244693
2025-04-24 04:00:00+00:00,101.57,108.0,100.99,107.72,1470640,18208,105.522342
2025-04-25 04:00:00+00:00,108.15,112.88,106.56,112.79,1551242,18060,109.863498
2025-04-28 04:00:00+00:00,113.78,114.83,108.88,114.64,1807184,22585,112.356938
2025-04-29 04:00:00+00:00,113.99,116.8,113.27,116.04,1062831,14407,115.086046
2025-04-30 04:00:00+00:00,111.545,118.78,110.55,118.48,1177147,15807,115.452385
2025-05-01 04:00:00+00:00,120.04,120.16,116.0,116.185,1263443,16359,118.511333
2025-05-02 04:00:00+00:00,118.73,124.415,118.65,124.28,1573287,19024,122.634856
2025-05-05 04:00:00+00:00,123.685,125.23,121.37,123.875,1422243,19482,123.793304
2025-05-06 04:00:00+00:00,112.49,113.475,105.33,108.855,3286137,35527,108.125469
2025-05-07 04:00:00+00:00,107.965,111.85,107.0,110.48,1656492,18028,109.737816
2025-05-08 04:00:00+00:00,112.295,120.37,112.24,119.16,2022812,23235,117.807179
2025-05-09 04:00:00+00:00,118.74,118.87,114.92,117.28,1100099,13169,116.995698
2025-05-12 04:00:00+00:00,120.88,120.885,115.01,118.46,1109607,15459,117.594264
2025-05-13 04:00:00+00:00,119.93,130.59,119.36,128.07,1732634,22325,126.920715
2025-05-14 04:00:00+00:00,129.13,133.47,127.58,130.17,1481155,18881,130.117825
2025-05-15 04:00:00+00:00,128.4,130.145,125.74,128.055,887902,13089,128.256167
2025-05-16 04:00:00+00:00,129.21,130.27,126.78,129.575,696101,9837,128.593067
2025-05-19 04:00:00+00:00,124.79,127.77,124.34,126.3,1104543,13754,126.09962
2025-05-20 04:00:00+00:00,127.16,128.155,124.69,125.57,698263,10738,126.182458
2025-05-21 04:00:00+00:00,125.3,127.08,119.45,120.55,1178310,16165,123.387614
2025-05-22 04:00:00+00:00,121.91,126.29,121.465,122.125,1023768,13591,124.277325
2025-05-23 04:00:00+00:00,120.88,125.52,120.72,123.34,933426,13534,123.376677
2025-05-27 04:00:00+00:00,126.88,127.84,120.9,123.39,1252519,15839,124.09723
2025-05-28 04:00:00+00:00,124.25,125.605,122.93,123.75,761902,10175,124.57264
2025-05-29 04:00:00+00:00,125.405,126.44,121.57,122.3,885508,12430,122.8962
2025-05-30 04:00:00+00:00,123.505,131.935,122.78,131.85,2608046,28027,127.998047
2025-06-02 04:00:00+00:00,131.435,134.39,128.865,132.04,1243745,15718,131.606402
2025-06-03 04:00:00+00:00,133.11,135.27,130.1,133.175,1026384,14025,132.630996
2025-06-04 04:00:00+00:00,132.8,132.8,125.62,129.98,1301817,15391,128.789561
2025-06-05 04:00:00+00:00,129.36,132.75,118.94,119.95,2318065,24876,124.913009
2025-06-06 04:00:00+00:00,123.67,128.13,121.99,127.68,1051752,13437,125.776633
2025-06-09 04:00:00+00:00,127.135,132.22,124.81,132.0,930905,11183,129.702856
2025-06-10 04:00:00+00:00,131.06,134.04,129.42,132.75,915717,11978,132.050126
2025-06-11 04:00:00+00:00,133.97,139.19,133.02,136.45,1163279,14184,136.736893
2025-06-12 04:00:00+00:00,136.43,137.07,134.65,135.2,819397,8600,135.739858
2025-06-13 04:00:00+00:00,133.815,139.99,133.41,137.33,1124969,13306,137.694586
2025-06-16 04:00:00+00:00,140.24,144.86,139.86,141.34,1039135,13280,142.641393
2025-06-17 04:00:00+00:00,141.495,141.685,136.1,138.22,1056593,12306,139.157015
2025-06-18 04:00:00+00:00,138.88,140.35,137.5,139.96,716361,9228,139.059183
2025-06-20 04:00:00+00:00,140.71,142.21,136.75,137.27,774516,9422,138.402115
2025-06-23 04:00:00+00:00,138.9,142.07,135.975,139.92,856556,12032,139.486392
2025-06-24 04:00:00+00:00,141.035,143.65,137.84,143.17,737619,9997,141.692333
2025-06-25 04:00:00+00:00,144.505,147.66,141.58,142.89,797136,10915,144.028426
2025-06-26 04:00:00+00:00,144.99,148.2,142.93,144.27,1025080,13274,144.988042
2025-06-27 04:00:00+00:00,144.82,144.82,130.6,130.815,3432891,29713,137.68511
2025-06-30 04:00:00+00:00,137.795,138.83,134.81,136.33,1694371,22022,137.104135
2025-07-01 04:00:00+00:00,135.345,136.18,128.55,130.67,2466754,29924,130.675934
2025-07-02 04:00:00+00:00,131.345,133.54,130.26,132.07,948401,13118,132.049931
2025-07-03 04:00:00+00:00,134.42,135.615,132.58,134.32,627013,7700,134.379608
2025-07-07 04:00:00+00:00,134.36,139.275,132.34,139.12,1097488,13141,137.043734
2025-07-08 04:00:00+00:00,138.855,139.855,135.825,139.715,882053,11852,138.025615
2025-07-09 04:00:00+00:00,139.7,143.145,137.4,143.06,1078235,15619,140.426891
2025-07-10 04:00:00+00:00,143.39,145.14,139.58,142.46,996248,14328,142.182467
2025-07-11 04:00:00+00:00,142.135,144.565,141.83,142.095,892219,12242,143.109585
2025-07-14 04:00:00+00:00,142.69,149.565,142.3,149.16,1951985,16764,147.037186
2025-07-15 04:00:00+00:00,148.98,150.59,147.42,148.54,931170,11858,149.174008
2025-07-16 04:00:00+00:00,149.26,151.5,147.74,150.9,1027598,13906,149.718544
2025-07-17 04:00:00+00:00,151.57,155.67,150.83,153.965,1100652,12629,153.530624
2025-07-18 04:00:00+00:00,154.48,154.88,151.9,153.53,627576,9249,153.259765
2025-07-21 04:00:00+00:00,153.93,155.425,151.38,151.805,706814,9513,153.256717
2025-07-22 04:00:00+00:00,150.82,151.74,145.155,149.07,943447,11343,148.262043
2025-07-23 04:00:00+00:00,149.82,155.0,148.36,155.0,739069,9500,151.991738
2025-07-24 04:00:00+00:00,154.06,155.615,152.58,154.86,645628,8634,154.480347
2025-07-25 04:00:00+00:00,155.63,160.36,155.63,158.84,966300,12097,159.083976
2025-07-28 04:00:00+00:00,159.905,160.14,153.11,157.87,973005,12454,157.164572
2025-07-29 04:00:00+00:00,158.715,160.12,154.94,156.28,794513,11695,156.994852
2025-07-30 04:00:00+00:00,157.53,159.36,156.59,158.64,669905,10317,158.295477
2025-07-31 04:00:00+00:00,160.11,160.85,156.73,158.31,793665,11691,158.649992
2025-08-01 04:00:00+00:00,155.03,158.175,151.11,154.27,1192975,15633,154.87797
2025-08-04 04:00:00+00:00,158.56,161.225,157.95,160.73,1242839,16515,160.025259
2025-08-05 04:00:00+00:00,171.87,176.295,169.25,173.195,1764218,20552,172.735888
2025-08-06 04:00:00+00:00,171.22,180.53,171.12,179.56,1236804,17159,177.346045
2025-08-07 04:00:00+00:00,181.155,184.47,178.2,182.15,1326322,17451,181.347091
2025-08-08 04:00:00+00:00,184.62,187.965,184.54,185.8,1131211,17344,186.770041
2025-08-11 04:00:00+00:00,186.54,187.18,181.95,182.74,839816,12195,184.768657
2025-08-12 04:00:00+00:00,185.02,188.12,182.14,186.925,927544,13327,185.853103
2025-08-13 04:00:00+00:00,188.85,189.45,183.62,184.35,911542,13028,185.488918
2025-08-14 04:00:00+00:00,182.45,185.28,179.2,181.01,937529,13099,181.959239
2025-08-15 04:00:00+00:00,179.68,179.68,173.405,177.17,979298,14010,176.77498
2025-08-18 04:00:00+00:00,175.42,177.86,171.43,174.04,891009,12877,173.499951
2025-08-19 04:00:00+00:00,171.36,172.29,156.95,157.78,1887549,25244,161.134615
2025-08-20 04:00:00+00:00,152.19,156.44,142.38,156.02,3336338,37043,149.812657
2025-08-21 04:00:00+00:00,157.36,157.96,153.82,156.155,1142906,15881,156.070472
2025-08-22 04:00:00+00:00,155.2,163.15,153.28,158.75,1285964,18389,159.268343
2025-08-25 04:00:00+00:00,156.225,158.58,149.43,157.13,963002,13493,155.135914
2025-08-26 04:00:00+00:00,155.4,162.03,154.64,160.87,909525,12146,159.557527
2025-08-27 04:00:00+00:00,162.205,162.205,156.0,156.75,726942,10944,158.31927
2025-08-28 04:00:00+00:00,157.68,158.225,153.41,158.13,869751,13411,156.246283
2025-08-29 04:00:00+00:00,156.9,158.32,154.33,156.7,628164,9232,156.36678
2025-09-02 04:00:00+00:00,151.15,158.36,150.34,157.1,943228,14105,156.247844
2025-09-03 04:00:00+00:00,157.76,161.11,153.66,154.89,805032,11344,157.18485
2025-09-04 04:00:00+00:00,154.73,157.01,153.18,156.09,914469,12724,155.165019
2025-09-05 04:00:00+00:00,157.83,158.95,148.07,153.11,1203529,17013,151.865859
2025-09-08 04:00:00+00:00,155.14,158.3,155.125,156.085,887342,11236,156.913991
2025-09-09 04:00:00+00:00,157.21,162.75,156.43,162.32,1099076,14679,160.628422
2025-09-10 04:00:00+00:00,166.045,168.5,163.48,166.695,950649,12482,166.678669
